[Header],,,,,,,,,
Local Run Manager Analysis Id,23023,,,,,,,,
Experiment Name,2023-07-18_MURI308,,,,,,,,
Date,20/07/2023,,,,,,,,
Module,GenerateFASTQ - 3.0.1,,,,,,,,
Workflow,GenerateFASTQ,,,,,,,,
Library Prep Kit,Nextera XT,,,,,,,,
Index Kit,IDT-ILMN Nextera DNA UD Indexes Set A B C D - 384 Indexes,,,,,,,,
Description,2023-07-18_MURI308,,,,,,,,
Chemistry,Amplicon,,,,,,,,
,,,,,,,,,
[Reads],,,,,,,,,
301,,,,,,,,,
301,,,,,,,,,
,,,,,,,,,
[Settings],,,,,,,,,
adapter,CTGTCTCTTATACACATCT,,,,,,,,
,,,,,,,,,
[Data],,,,,,,,,
Sample_ID,Sample_Name,Description,Index_Plate,Index_Plate_Well,I7_Index_ID,index,I5_Index_ID,index2,Sample_Project
DL-52193-1395-d5-3,DL-52193-1395-d5-3,DL-52193-1395-d5-3,C,A01,UDP0193,TCTCATGATA,UDP0193,AACACGTGGA,
DL-52193-1397-d1-3,DL-52193-1397-d1-3,DL-52193-1397-d1-3,C,B01,UDP0194,CGAGGCCAAG,UDP0194,GTGTTACCGG,
DL-52193-1403-d5-3,DL-52193-1403-d5-3,DL-52193-1403-d5-3,C,C01,UDP0195,TTCACGAGAC,UDP0195,AGATTGTTAC,
DL-52193-1409-d1-3,DL-52193-1409-d1-3,DL-52193-1409-d1-3,C,D01,UDP0196,GCGTGGATGG,UDP0196,TTGACCAATG,
DL-52193-1423-d1-3,DL-52193-1423-d1-3,DL-52193-1423-d1-3,C,E01,UDP0197,TCCTGGTTGT,UDP0197,CTGACCGGCA,
DL-52193-1433-d1-3,DL-52193-1433-d1-3,DL-52193-1433-d1-3,C,F01,UDP0198,TAATTCTGCT,UDP0198,TCTCATCAAT,
DL-52193-1436-d1-3,DL-52193-1436-d1-3,DL-52193-1436-d1-3,C,G01,UDP0199,CGCACGACTG,UDP0199,GGACCAACAG,
DL-52193-1445-d1-3,DL-52193-1445-d1-3,DL-52193-1445-d1-3,C,H01,UDP0200,GAGGTTAGAC,UDP0200,AATGTATTGC,
DL-52193-1447-d5-3,DL-52193-1447-d5-3,DL-52193-1447-d5-3,C,A02,UDP0201,AACCGAGTTC,UDP0201,GATCTCTGGA,
DL-52193-1457-d5-3,DL-52193-1457-d5-3,DL-52193-1457-d5-3,C,B02,UDP0202,TGTGATAACT,UDP0202,CAGGCGCCAT,
DL-52193-1460-d1-3,DL-52193-1460-d1-3,DL-52193-1460-d1-3,C,C02,UDP0203,AGTATGCTAC,UDP0203,TTAATAGACC,
DL-52193-1470-d1-3,DL-52193-1470-d1-3,DL-52193-1470-d1-3,C,D02,UDP0204,GTAACTGAAG,UDP0204,GGAGTCGCGA,
DL-52193-1472-d1-3,DL-52193-1472-d1-3,DL-52193-1472-d1-3,C,E02,UDP0205,TCCTCGGACT,UDP0205,AACGCCAGAG,
DL-52193-1472-d5-3,DL-52193-1472-d5-3,DL-52193-1472-d5-3,C,F02,UDP0206,CTGGAACTGT,UDP0206,CGTAATTAAC,
DL-52193-1482-d1-3,DL-52193-1482-d1-3,DL-52193-1482-d1-3,C,G02,UDP0207,GAATATGCGG,UDP0207,ACGAGACTGA,
DL-52193-1485-d1-3,DL-52193-1485-d1-3,DL-52193-1485-d1-3,C,H02,UDP0208,GATCGGATAA,UDP0208,GTATCGGCCG,
DL-52193-1485-d5-3,DL-52193-1485-d5-3,DL-52193-1485-d5-3,C,A03,UDP0209,GCTAGACTAT,UDP0209,AATACGACAT,
DL-52193-1495-d1-3,DL-52193-1495-d1-3,DL-52193-1495-d1-3,C,B03,UDP0210,AGCTACTATA,UDP0210,GTTATATGGC,
DL-52193-1510-d1-3,DL-52193-1510-d1-3,DL-52193-1510-d1-3,C,C03,UDP0211,CCACCGGAGT,UDP0211,GCCTGCCATG,
DL-52193-1510-d5-3,DL-52193-1510-d5-3,DL-52193-1510-d5-3,C,D03,UDP0212,CTTACCGCAC,UDP0212,TAAGACCTAT,
DL-52193-1517-d1-3,DL-52193-1517-d1-3,DL-52193-1517-d1-3,C,E03,UDP0213,TTAGGATATC,UDP0213,TATACCATGG,
DL-52193-1519-d5-3,DL-52193-1519-d5-3,DL-52193-1519-d5-3,C,F03,UDP0214,TTATACGCGA,UDP0214,GCCGTCTGTT,
DL-52193-1525-d1-3,DL-52193-1525-d1-3,DL-52193-1525-d1-3,C,G03,UDP0215,CGCTTAGAAT,UDP0215,CAGAGTGATA,
DL-52193-1528-d5-3,DL-52193-1528-d5-3,DL-52193-1528-d5-3,C,H03,UDP0216,CCGAAGCGCT,UDP0216,TGCTAACTAT,
DL-52193-1530-d1-3,DL-52193-1530-d1-3,DL-52193-1530-d1-3,C,A04,UDP0217,CACTATCAAC,UDP0217,TCAGTTAATG,
DL-52193-1536-d1-3,DL-52193-1536-d1-3,DL-52193-1536-d1-3,C,B04,UDP0218,TTGCTCTATT,UDP0218,GTGACCTTGA,
DL-52193-1536-d5-3,DL-52193-1536-d5-3,DL-52193-1536-d5-3,C,C04,UDP0219,TTACAGTTAG,UDP0219,ACATGCATAT,
DL-52193-1538-d1-3,DL-52193-1538-d1-3,DL-52193-1538-d1-3,C,D04,UDP0220,CTAAGTACGC,UDP0220,AACATACCTA,
DL-52193-1542-d1-3,DL-52193-1542-d1-3,DL-52193-1542-d1-3,C,E04,UDP0221,TAGTTCGGTA,UDP0221,CCATGTGTAG,
DL-52193-1542-d5-3,DL-52193-1542-d5-3,DL-52193-1542-d5-3,C,F04,UDP0222,CTATTACTAC,UDP0222,GAGTCTCTCC,
DL-52193-1547-d1-3,DL-52193-1547-d1-3,DL-52193-1547-d1-3,C,G04,UDP0223,TAGCATAACC,UDP0223,GCTATGCGCA,
DL-52193-1561-d1-3,DL-52193-1561-d1-3,DL-52193-1561-d1-3,C,H04,UDP0224,ACTCTATTGT,UDP0224,ATCGCATATG,
DL-52193-1561-d5-3,DL-52193-1561-d5-3,DL-52193-1561-d5-3,C,A05,UDP0225,TAGTGGAAGC,UDP0225,AGTACCTATA,
DL-52193-1571-d1-3,DL-52193-1571-d1-3,DL-52193-1571-d1-3,C,B05,UDP0226,CGCCATATCT,UDP0226,GACCGGAGAT,
DL-52193-1573-d1-3,DL-52193-1573-d1-3,DL-52193-1573-d1-3,C,C05,UDP0227,GCTTCATATT,UDP0227,CGTTCAGCCT,
DL-52193-1583-d1-3,DL-52193-1583-d1-3,DL-52193-1583-d1-3,C,D05,UDP0228,ACTAGCGCTA,UDP0228,TTACTTCCTC,
DL-52193-1585-d1-3,DL-52193-1585-d1-3,DL-52193-1585-d1-3,C,E05,UDP0229,GCTCTTAACT,UDP0229,CACGTCCACC,
DL-52193-1595-d1-3,DL-52193-1595-d1-3,DL-52193-1595-d1-3,C,F05,UDP0230,GTGGTATCTG,UDP0230,GCTACTATCT,
DL-52193-1598-d1-3,DL-52193-1598-d1-3,DL-52193-1598-d1-3,C,G05,UDP0231,TGACGGCCGT,UDP0231,AGTCAACCAT,
DL-52193-1607-d1-3,DL-52193-1607-d1-3,DL-52193-1607-d1-3,C,H05,UDP0232,CAGTAATTAC,UDP0232,CGAGGCGGTA,
DL-52193-1611-d1-3,DL-52193-1611-d1-3,DL-52193-1611-d1-3,C,A06,UDP0233,TACAAGACTT,UDP0233,CAGGTGTTCA,
DL-52193-1621-d1-3,DL-52193-1621-d1-3,DL-52193-1621-d1-3,C,B06,UDP0234,CTGTGGTGAC,UDP0234,GACAGACAGG,
DL-52193-1623-d1-3,DL-52193-1623-d1-3,DL-52193-1623-d1-3,C,C06,UDP0235,CTCCACTAAT,UDP0235,TGTACTTGTT,
DL-52193-1633-d1-3,DL-52193-1633-d1-3,DL-52193-1633-d1-3,C,D06,UDP0236,ATAGTTAGCA,UDP0236,CTCTAAGTAG,
DL-52193-1647-d1-3,DL-52193-1647-d1-3,DL-52193-1647-d1-3,C,E06,UDP0237,ATAGGTCTTA,UDP0237,GTCACCACAG,
DL-52193-1653-d1-3,DL-52193-1653-d1-3,DL-52193-1653-d1-3,C,F06,UDP0238,TTCTTAACCA,UDP0238,TCTACATACC,
DL-52193-1655-d1-3,DL-52193-1655-d1-3,DL-52193-1655-d1-3,C,G06,UDP0239,AAGGAAGAGT,UDP0239,CACGTTAGGC,
DL-52193-1657-d1-3,DL-52193-1657-d1-3,DL-52193-1657-d1-3,C,H06,UDP0240,GGAAGGAGAC,UDP0240,TGGTGAGTCT,
DL-52193-1662-d1-3,DL-52193-1662-d1-3,DL-52193-1662-d1-3,C,A07,UDP0241,TGAACGCGGA,UDP0241,CTTCGAAGGA,
DL-52193-1662-d5-3,DL-52193-1662-d5-3,DL-52193-1662-d5-3,C,B07,UDP0242,CCTGCAACCT,UDP0242,GTAGAGTCAG,
DL-52193-1664-d1-3,DL-52193-1664-d1-3,DL-52193-1664-d1-3,C,C07,UDP0243,TTCATGGTTC,UDP0243,GACATTGTCA,
DL-52193-1671-d1-3,DL-52193-1671-d1-3,DL-52193-1671-d1-3,C,D07,UDP0244,ATCCTCTCAA,UDP0244,TCCGCAAGGC,
DL-52193-1678-d1-3,DL-52193-1678-d1-3,DL-52193-1678-d1-3,C,E07,UDP0245,CACTAGACCA,UDP0245,ACTGCCTTAT,
DL-52193-1680-d1-3,DL-52193-1680-d1-3,DL-52193-1680-d1-3,C,F07,UDP0246,ATTATCCACT,UDP0246,TACGCACGTA,
DL-52193-1690-d1-3,DL-52193-1690-d1-3,DL-52193-1690-d1-3,C,G07,UDP0247,ATGGCGTGCC,UDP0247,CGCTTGAAGT,
DL-52193-1694-d1-3,DL-52193-1694-d1-3,DL-52193-1694-d1-3,C,H07,UDP0248,TCCAGAGATC,UDP0248,CTGCACTTCA,
DL-52193-1704-d1-3,DL-52193-1704-d1-3,DL-52193-1704-d1-3,C,A08,UDP0249,ATGTCCAGCA,UDP0249,CAGCGGACAA,
DL-52193-1706-d1-3,DL-52193-1706-d1-3,DL-52193-1706-d1-3,C,B08,UDP0250,CAACGTTCGG,UDP0250,GGATCCGCAT,
DL-52193-1716-d1-3,DL-52193-1716-d1-3,DL-52193-1716-d1-3,C,C08,UDP0251,GCGTATTAAT,UDP0251,TGCGGTGTTG,
DL-52193-1721-d1-3,DL-52193-1721-d1-3,DL-52193-1721-d1-3,C,D08,UDP0252,GTTGTGACTA,UDP0252,ACATAACGGA,
DL-52193-1725-d1-3,DL-52193-1725-d1-3,DL-52193-1725-d1-3,C,E08,UDP0253,TCTCAATACC,UDP0253,GACGTTCGCG,
DL-52193-1728-d1-3,DL-52193-1728-d1-3,DL-52193-1728-d1-3,C,F08,UDP0254,AAGCATCTTG,UDP0254,CATTCAACAA,
DL-52193-1733-d1-3,DL-52193-1733-d1-3,DL-52193-1733-d1-3,C,G08,UDP0255,TCAGTCTCGT,UDP0255,CACGGATTAT,
DL-52193-1746-d1-3,DL-52193-1746-d1-3,DL-52193-1746-d1-3,C,H08,UDP0256,TGCAAGATAA,UDP0256,TTGAGGACGG,
DL-52193-1755-d1-3,DL-52193-1755-d1-3,DL-52193-1755-d1-3,C,A09,UDP0257,GTAACAATCT,UDP0257,CTCTGTATAC,
DL-52193-1757-d1-3,DL-52193-1757-d1-3,DL-52193-1757-d1-3,C,B09,UDP0258,CAGCGGTAGA,UDP0258,GCAACAGGTG,
DL-52193-1767-d1-3,DL-52193-1767-d1-3,DL-52193-1767-d1-3,C,C09,UDP0259,TCATACCGTT,UDP0259,GGTAACGCAG,
DL-52193-1769-d1-3,DL-52193-1769-d1-3,DL-52193-1769-d1-3,C,D09,UDP0260,GGCGCCATTG,UDP0260,ACCGCGCAAT,
DL-52193-1779-d1-3,DL-52193-1779-d1-3,DL-52193-1779-d1-3,C,E09,UDP0261,AGCGAATTAG,UDP0261,AGCCGGAACA,
DL-52193-1782-d1-3,DL-52193-1782-d1-3,DL-52193-1782-d1-3,C,F09,UDP0262,TTAGACCATG,UDP0262,TCCTAGGAAG,
DL-52193-1792-d1-3,DL-52193-1792-d1-3,DL-52193-1792-d1-3,C,G09,UDP0263,CACACAGTAT,UDP0263,TTGAGCCTAA,
DL-52193-1794-d1-3,DL-52193-1794-d1-3,DL-52193-1794-d1-3,C,H09,UDP0264,TCTTGTCGGC,UDP0264,CCACCTGTGT,
DL-52193-1804-d1-3,DL-52193-1804-d1-3,DL-52193-1804-d1-3,C,A10,UDP0265,TACCGCCTCG,UDP0265,CCTCGCAACC,
DL-52193-1806-d1-3,DL-52193-1806-d1-3,DL-52193-1806-d1-3,C,B10,UDP0266,CTGTTATATC,UDP0266,GTATAGCTGT,
DL-52193-1816-d1-3,DL-52193-1816-d1-3,DL-52193-1816-d1-3,C,C10,UDP0267,TAACCGGCGA,UDP0267,GCTACATTAG,
DL-52193-1828-d1-3,DL-52193-1828-d1-3,DL-52193-1828-d1-3,C,D10,UDP0268,AAGAGAGTCT,UDP0268,TACGAATCTT,
DL-52193-1828-d5-3,DL-52193-1828-d5-3,DL-52193-1828-d5-3,C,E10,UDP0269,GTAGGCGAGC,UDP0269,TAGGAGCGCA,
DL-52193-1834-d1-3,DL-52193-1834-d1-3,DL-52193-1834-d1-3,C,F10,UDP0270,AACTTATCCT,UDP0270,GTACTGGCGT,
DL-52193-1836-d1-3,DL-52193-1836-d1-3,DL-52193-1836-d1-3,C,G10,UDP0271,ATTATGTCTC,UDP0271,AGTTAAGAGC,
DL-52193-1836-d5-3,DL-52193-1836-d5-3,DL-52193-1836-d5-3,C,H10,UDP0272,TATAACAGCT,UDP0272,TCGCGTATAA,
DL-52193-1840-d1-3,DL-52193-1840-d1-3,DL-52193-1840-d1-3,C,A11,UDP0273,CCAATGATAC,UDP0273,GAGTGTGCCG,
DL-52193-1843-d1-3,DL-52193-1843-d1-3,DL-52193-1843-d1-3,C,B11,UDP0274,GAGGCCTATT,UDP0274,CTAGTCCGGA,
DL-52193-1843-d5-3,DL-52193-1843-d5-3,DL-52193-1843-d5-3,C,C11,UDP0275,AGCTAAGCGG,UDP0275,ATTAATACGC,
DL-52193-1853-d1-3,DL-52193-1853-d1-3,DL-52193-1853-d1-3,C,D11,UDP0276,CTTCCTAGGA,UDP0276,CCTAGAGTAT,
DL-52193-1867-d1-3,DL-52193-1867-d1-3,DL-52193-1867-d1-3,C,E11,UDP0277,CGATCTGTGA,UDP0277,TAGGAAGACT,
DL-52193-1867-d5-3,DL-52193-1867-d5-3,DL-52193-1867-d5-3,C,F11,UDP0278,GTGGACAAGT,UDP0278,CCGTGGCCTT,
DL-52193-1877-d1-3,DL-52193-1877-d1-3,DL-52193-1877-d1-3,C,G11,UDP0279,AACAAGTACA,UDP0279,GGATATATCC,
DL-52193-1879-d1-3,DL-52193-1879-d1-3,DL-52193-1879-d1-3,C,H11,UDP0280,AGATTAAGTG,UDP0280,CACCTCTTGG,
DL-52193-1879-d5-3,DL-52193-1879-d5-3,DL-52193-1879-d5-3,C,A12,UDP0281,TATCACTCTG,UDP0281,AACGTTACAT,
DL-52193-1887-d1-3,DL-52193-1887-d1-3,DL-52193-1887-d1-3,C,B12,UDP0282,AGAATTCGCC,UDP0282,CGGCAAGCTC,
DL-52193-1892-d1-3,DL-52193-1892-d1-3,DL-52193-1892-d1-3,C,C12,UDP0283,CCTGACCACT,UDP0283,TCTTGGCTAT,
DL-52193-1898-d1-3,DL-52193-1898-d1-3,DL-52193-1898-d1-3,C,D12,UDP0284,AGCTGGAATG,UDP0284,ACGGAATGCG,
DL-52193-1904-d1-3,DL-52193-1904-d1-3,DL-52193-1904-d1-3,C,E12,UDP0285,TGATAACGAG,UDP0285,GTTCCGCAGG,
DL-52193-1908-d1-3,DL-52193-1908-d1-3,DL-52193-1908-d1-3,C,F12,UDP0286,CATAGTAAGG,UDP0286,ACCAAGTTAC,
DL-positive-control-d1-3,DL-positive-control-d1-3,DL-positive-control-d1-3,C,G12,UDP0287,ATTGGCTTCT,UDP0287,TGGCTCGCAG,
DL-NTC-d1-3,DL-NTC-d1-3,DL-NTC-d1-3,C,H12,UDP0288,GTACCGATTA,UDP0288,AACTAACGTT,
DL-52193-1816-d1-4,DL-52193-1816-d1-4,DL-52193-1816-d1-4,A,C10,UDP0075,CTCTGCAGCG,UDP0075,GATGGATGTA,
DL-52193-1904-d1-4,DL-52193-1904-d1-4,DL-52193-1904-d1-4,A,E12,UDP0093,ACATATCCAG,UDP0093,TATGTGCAAT,
DL-52193-1733-d1-4,DL-52193-1733-d1-4,DL-52193-1733-d1-4,A,G08,UDP0063,ATTGCGCGGT,UDP0063,TTGGCTCCGC,
DL-52193-1525-d1-4,DL-52193-1525-d1-4,DL-52193-1525-d1-4,A,G03,UDP0023,ACGCCTTGTT,UDP0023,TAAGGAACGT,
DL-52193-1816-d1-5,DL-52193-1816-d1-5,DL-52193-1816-d1-5,B,C10,UDP0171,AGGCGTTCGC,UDP0171,TTCATCCAAC,
DL-52193-1904-d1-5,DL-52193-1904-d1-5,DL-52193-1904-d1-5,B,E12,UDP0189,CAACACCGCA,UDP0189,GGCAGTAGCA,
DL-52193-1733-d1-5,DL-52193-1733-d1-5,DL-52193-1733-d1-5,B,G08,UDP0159,TCCGGACTAG,UDP0159,GACGAACAAT,
DL-52193-1525-d1-5,DL-52193-1525-d1-5,DL-52193-1525-d1-5,B,G03,UDP0119,TCCGCCAATT,UDP0119,CTCCGTGCTG,
